"","x"
"1","179"
"2","180"
"3","181"
"4","182"
"5","183"
"6","184"
"7","185"
"8","186"
"9","187"
"10","197"
"11","198"
"12","199"
"13","200"
"14","201"
"15","202"
"16","203"
"17","204"
"18","205"
"19","206"
"20","207"
"21","208"
"22","209"
"23","314"
"24","315"
"25","1074"
"26","1264"
"27","1265"
"28","1266"
"29","1267"
"30","1268"
"31","1269"
"32","1270"
"33","1271"
"34","1272"
"35","1334"
"36","1335"
"37","1336"
"38","1337"
"39","1338"
"40","1339"
"41","1340"
"42","1341"
"43","1575"
"44","1671"
"45","1672"
"46","1674"
"47","1675"
"48","1914"
"49","1972"
"50","2054"
"51","2056"
"52","2503"
"53","2504"
"54","2505"
"55","2521"
"56","2767"
"57","3174"
"58","3175"
"59","3967"
"60","3968"
"61","4727"
"62","4800"
"63","4801"
"64","4802"
"65","4803"
"66","5845"
"67","6216"
"68","6589"
"69","6639"
"70","6741"
"71","6756"
"72","6757"
"73","6758"
"74","7149"
"75","7151"
"76","7516"
"77","7691"
"78","7692"
"79","8038"
"80","8731"
"81","8732"
"82","8733"
"83","8788"
"84","8789"
"85","8790"
"86","8791"
"87","8792"
"88","9925"
"89","10416"
"90","10522"
"91","10717"
"92","10719"
"93","10814"
"94","10816"
"95","10817"
"96","11236"
"97","11329"
"98","11330"
"99","11331"
"100","12366"
"101","12367"
"102","12368"
"103","12751"
"104","12898"
"105","12900"
"106","12903"
"107","12904"
"108","12905"
"109","12907"
"110","12913"
"111","13003"
"112","13099"
"113","13100"
"114","13177"
"115","13277"
"116","13278"
"117","13279"
"118","13281"
"119","13282"
"120","13286"
"121","13288"
"122","13289"
"123","13292"
"124","13295"
"125","13296"
"126","13297"
"127","13298"
"128","13301"
"129","13302"
"130","13303"
"131","13304"
"132","13306"
"133","13307"
"134","13308"
"135","13309"
"136","13310"
"137","13313"
"138","13489"
"139","13490"
"140","13491"
"141","13804"
"142","13806"
"143","13808"
"144","13809"
"145","13811"
"146","13812"
"147","14057"
"148","14059"
"149","14060"
"150","14063"
"151","14065"
"152","14066"
"153","14067"
"154","14068"
"155","14069"
"156","14072"
"157","14073"
"158","14074"
"159","14075"
"160","14077"
"161","14078"
"162","14079"
"163","14080"
"164","14081"
"165","14084"
"166","14086"
"167","14087"
"168","14089"
"169","14090"
"170","14484"
"171","14485"
"172","14522"
"173","14523"
"174","14545"
"175","14558"
"176","14673"
"177","14697"
"178","14714"
"179","14718"
"180","14719"
"181","14720"
"182","14721"
"183","14722"
"184","14723"
"185","14725"
"186","14813"
"187","14814"
"188","14816"
"189","14844"
"190","14845"
"191","14852"
"192","14853"
"193","14858"
"194","14869"
"195","14870"
"196","14872"
"197","15051"
"198","15385"
"199","15484"
"200","15731"
"201","15732"
"202","15733"
"203","15734"
"204","16098"
"205","16099"
"206","16395"
"207","16474"
"208","16475"
"209","16478"
"210","16859"
"211","16860"
"212","16861"
"213","16862"
"214","16863"
"215","16864"
"216","16865"
"217","16866"
"218","16867"
"219","16868"
"220","16869"
"221","16870"
"222","16871"
"223","16872"
"224","16873"
"225","16874"
"226","16875"
"227","16876"
"228","16877"
"229","16878"
"230","16879"
"231","16880"
"232","16881"
"233","16882"
"234","16883"
"235","16884"
"236","16885"
"237","17292"
"238","17363"
"239","17364"
"240","17365"
"241","17990"
"242","17992"
"243","17993"
"244","17995"
"245","17996"
"246","18007"
"247","18012"
"248","18013"
"249","18014"
"250","18263"
"251","18264"
"252","18384"
"253","18385"
"254","18387"
"255","18388"
"256","18389"
"257","18433"
"258","18565"
"259","18630"
"260","18631"
"261","18636"
"262","18637"
"263","18638"
"264","18674"
"265","18729"
"266","18793"
"267","18907"
"268","18908"
"269","18909"
"270","19016"
"271","19018"
"272","19027"
"273","19028"
"274","19062"
"275","19081"
"276","19132"
"277","19137"
"278","19138"
"279","19139"
"280","19140"
"281","19145"
"282","19150"
"283","19327"
"284","20660"
"285","21429"
"286","21519"
"287","21520"
"288","21521"
"289","21522"
"290","21523"
"291","21524"
"292","21525"
"293","21693"
"294","21705"
"295","22255"
"296","22542"
"297","22543"
"298","22544"
"299","22548"
"300","22549"
"301","22550"
"302","22584"
"303","22585"
"304","22586"
"305","22587"
"306","22588"
"307","22594"
"308","22761"
"309","22763"
"310","22782"
"311","23470"
"312","23677"
"313","24600"
"314","24601"
"315","24723"
"316","24724"
"317","25316"
"318","26292"
"319","26995"
"320","27351"
"321","27352"
"322","27353"
"323","27599"
"324","27600"
"325","27953"
"326","28131"
"327","28132"
"328","28134"
"329","28153"
"330","28156"
"331","28157"
"332","28207"
"333","28208"
"334","28209"
"335","28211"
"336","28212"
"337","28214"
"338","28215"
"339","28216"
"340","28217"
"341","28218"
"342","28219"
"343","28222"
"344","28224"
"345","28226"
"346","28227"
"347","28233"
"348","28235"
"349","28236"
"350","28242"
"351","28243"
"352","28246"
"353","28257"
"354","28280"
"355","28281"
"356","28283"
"357","28285"
"358","28301"
"359","28309"
"360","28311"
"361","28312"
"362","28415"
"363","28418"
"364","28420"
"365","28424"
"366","28484"
"367","29080"
"368","29081"
"369","29094"
"370","29095"
"371","29696"
"372","30049"
"373","30082"
"374","30083"
"375","30084"
"376","30086"
"377","30088"
"378","30282"
"379","30326"
"380","30327"
"381","30329"
"382","30330"
"383","30331"
"384","30332"
"385","30333"
"386","30334"
"387","30335"
"388","30433"
"389","30434"
"390","30623"
"391","30624"
"392","30625"
"393","30627"
"394","30628"
"395","30629"
"396","30632"
"397","30638"
"398","30738"
"399","30819"
"400","30832"
"401","30837"
"402","30838"
"403","30839"
"404","30845"
"405","30874"
"406","30875"
"407","30943"
"408","30947"
"409","30955"
"410","31278"
"411","31330"
"412","31331"
"413","31332"
"414","31333"
"415","31512"
"416","31513"
"417","31516"
"418","31693"
"419","31694"
"420","31753"
"421","31755"
"422","31756"
"423","31757"
"424","31758"
"425","31759"
"426","31825"
"427","31826"
"428","32045"
"429","32229"
"430","32230"
"431","32231"
"432","32232"
"433","32233"
"434","32301"
"435","32302"
"436","32303"
"437","32304"
"438","32305"
"439","32306"
"440","33117"
"441","33118"
"442","33119"
"443","33188"
"444","33199"
"445","33675"
"446","33677"
"447","33709"
"448","33710"
"449","33711"
"450","33712"
"451","33714"
"452","33715"
"453","33839"
"454","33843"
"455","33846"
"456","33847"
"457","33848"
"458","33849"
"459","33850"
"460","33852"
"461","33853"
"462","33854"
"463","33855"
"464","33871"
"465","33991"
"466","33995"
"467","33996"
"468","33998"
"469","33999"
"470","34001"
"471","34274"
"472","34368"
"473","35756"
"474","36709"
"475","36926"
"476","37028"
"477","37029"
"478","37169"
"479","37204"
"480","37205"
"481","37243"
"482","37331"
"483","37332"
"484","37333"
"485","37335"
"486","37354"
"487","37356"
"488","37403"
"489","37406"
"490","37407"
"491","37408"
"492","37410"
"493","37411"
"494","37412"
"495","37414"
"496","37415"
"497","37416"
"498","37419"
"499","37420"
"500","37422"
"501","37423"
"502","37643"
"503","37860"
"504","37977"
"505","37978"
"506","38028"
"507","38029"
"508","38260"
"509","38261"
"510","38601"
"511","38602"
"512","38604"
"513","38619"
"514","38620"
"515","38621"
"516","38622"
"517","38623"
"518","38632"
"519","38640"
"520","38674"
"521","39835"
"522","40672"
"523","40673"
"524","40674"
"525","40990"
"526","41140"
"527","41141"
"528","41142"
"529","41143"
"530","41144"
"531","41145"
"532","41146"
"533","42471"
"534","42842"
"535","42843"
"536","42847"
"537","42849"
"538","42850"
"539","42851"
"540","42854"
"541","42855"
"542","42859"
"543","42952"
"544","42956"
"545","43007"
"546","43012"
"547","43013"
"548","43152"
"549","43160"
"550","43161"
"551","43162"
"552","43164"
"553","43167"
"554","43168"
"555","43179"
"556","43255"
"557","43390"
"558","43449"
"559","43475"
"560","43476"
"561","43557"
"562","43780"
"563","43781"
"564","43788"
"565","43795"
"566","43796"
"567","43798"
"568","43800"
"569","43802"
"570","43803"
"571","43804"
"572","43806"
"573","43807"
"574","43808"
"575","44175"
"576","44176"
"577","44178"
"578","44179"
"579","44180"
"580","44181"
"581","44182"
"582","44193"
"583","44194"
"584","44195"
"585","44542"
"586","44615"
"587","45006"
"588","45242"
"589","46036"
"590","47005"
"591","47006"
"592","47476"
"593","47948"
"594","47949"
"595","47950"
"596","47966"
"597","47968"
"598","47969"
"599","47972"
"600","47973"
"601","47974"
"602","47975"
"603","47977"
"604","48094"
"605","48297"
"606","48415"
"607","48416"
"608","48418"
"609","48419"
"610","48420"
"611","48714"
"612","49034"
"613","49226"
"614","49227"
"615","49254"
"616","49584"
"617","49802"
"618","49804"
"619","49930"
"620","49940"
"621","50303"
"622","50313"
"623","50314"
"624","50323"
"625","50324"
"626","50571"
"627","50702"
"628","50791"
"629","51136"
"630","51138"
"631","51140"
"632","51409"
"633","51702"
"634","51720"
"635","51721"
"636","51722"
"637","51820"
"638","51824"
"639","51826"
"640","51829"
"641","51830"
"642","51974"
"643","51976"
"644","51978"
"645","51990"
"646","51992"
"647","52152"
"648","52618"
"649","52915"
"650","53479"
"651","54174"
"652","54286"
"653","54358"
"654","54365"
"655","54878"
"656","55195"
"657","55197"
"658","55494"
"659","55588"
"660","55589"
"661","55857"
"662","55858"
"663","56085"
"664","56086"
"665","56087"
"666","56154"
"667","58254"
"668","58255"
"669","58256"
"670","58257"
"671","58258"
"672","58259"
"673","58390"
"674","58392"
"675","58393"
"676","58394"
"677","58395"
"678","58448"
"679","58449"
"680","58451"
"681","58538"
"682","58540"
"683","58542"
"684","58546"
"685","58547"
"686","58548"
"687","58558"
"688","58607"
"689","58608"
"690","58609"
"691","58610"
"692","59322"
"693","59323"
"694","59324"
"695","59325"
"696","59326"
"697","59327"
"698","59328"
"699","59329"
"700","59330"
"701","59331"
"702","59332"
"703","59333"
"704","59334"
"705","59335"
"706","59336"
"707","59337"
"708","59550"
"709","59551"
"710","59577"
"711","59579"
"712","60048"
"713","60611"
"714","61905"
"715","61915"
"716","61916"
"717","61944"
"718","61945"
"719","62029"
"720","62031"
"721","62032"
"722","62033"
"723","62467"
"724","62468"
"725","62469"
"726","62634"
"727","62638"
"728","62683"
"729","62850"
"730","62853"
"731","63248"
"732","64302"
"733","64668"
"734","65175"
"735","65176"
"736","65406"
"737","65407"
"738","65652"
"739","66188"
"740","66355"
"741","66500"
"742","66643"
"743","66939"
"744","67404"
"745","67408"
"746","67409"
"747","67411"
"748","67413"
"749","67421"
"750","67422"
"751","67426"
"752","67427"
"753","67428"
"754","67545"
"755","67894"
"756","67927"
"757","67928"
"758","68302"
"759","68430"
"760","68508"
"761","68509"
"762","68943"
"763","69211"
"764","69551"
"765","69627"
"766","69628"
"767","69629"
"768","69716"
"769","69721"
"770","70030"
"771","70032"
"772","70034"
"773","70035"
"774","70131"
"775","70332"
"776","70485"
"777","70486"
"778","70487"
"779","70488"
"780","70489"
"781","70490"
"782","70491"
"783","70492"
"784","70493"
"785","70494"
"786","70499"
"787","70501"
"788","70505"
"789","70507"
"790","70508"
"791","70920"
"792","70921"
"793","70922"
"794","70923"
"795","70925"
"796","70926"
"797","70927"
"798","71795"
"799","71796"
"800","71802"
"801","71803"
"802","71804"
"803","71805"
"804","71889"
"805","71924"
"806","72014"
"807","72636"
"808","72717"
"809","73244"
"810","73246"
"811","73407"
"812","73409"
"813","73497"
"814","73498"
"815","73888"
"816","73891"
"817","73994"
"818","73996"
"819","73997"
"820","74559"
"821","74560"
"822","74859"
"823","74978"
"824","74979"
"825","74980"
"826","74981"
"827","74982"
"828","74983"
"829","74984"
"830","74985"
"831","74986"
"832","74987"
"833","74989"
"834","74990"
"835","74991"
"836","74993"
"837","74994"
"838","74995"
"839","74997"
"840","74998"
"841","75003"
"842","75004"
"843","75005"
"844","75080"
"845","75233"
"846","75234"
"847","75235"
"848","75236"
"849","75237"
"850","75399"
"851","75400"
"852","75401"
"853","75448"
"854","75497"
"855","75682"
"856","75683"
"857","75712"
"858","75841"
"859","76331"
"860","76332"
"861","76333"
"862","77183"
"863","77184"
"864","77185"
"865","77188"
"866","77189"
"867","77191"
"868","77193"
"869","77194"
"870","77728"
"871","78603"
"872","78606"
"873","78739"
"874","78782"
"875","78927"
"876","78928"
"877","78929"
"878","78998"
"879","79070"
"880","79074"
"881","79075"
"882","79076"
"883","79293"
"884","79294"
"885","79318"
"886","79319"
"887","79374"
"888","79456"
"889","79457"
"890","79458"
"891","79618"
"892","79619"
"893","79620"
"894","79703"
"895","79704"
"896","79705"
"897","80472"
"898","80682"
"899","81300"
"900","84390"
"901","85488"
"902","86440"
"903","86442"
"904","86482"
"905","86483"
"906","86484"
"907","86485"
"908","86486"
"909","86487"
"910","86488"
"911","86489"
"912","86490"
"913","86491"
"914","86492"
"915","86493"
"916","86494"
"917","86495"
"918","86496"
"919","86497"
"920","86498"
"921","86499"
"922","86500"
"923","86501"
"924","86502"
"925","86503"
"926","86512"
"927","86513"
"928","86514"
"929","86516"
"930","86808"
"931","86810"
"932","86812"
"933","86813"
"934","86816"
"935","86817"
"936","86819"
"937","86821"
"938","86866"
"939","86867"
"940","86871"
"941","86872"
"942","86873"
"943","86874"
"944","86875"
"945","86929"
"946","87058"
"947","87059"
"948","87206"
"949","87279"
"950","87299"
"951","87300"
"952","87327"
"953","87328"
"954","87329"
"955","87330"
"956","87331"
"957","87332"
"958","87333"
"959","87348"
"960","87349"
"961","87350"
"962","87689"
"963","87690"
"964","88370"
"965","88372"
"966","88619"
"967","89166"
"968","89288"
"969","89549"
"970","89743"
"971","89744"
"972","90510"
"973","90638"
"974","90692"
"975","90693"
"976","90768"
"977","90769"
"978","90770"
"979","91188"
"980","91504"
"981","91516"
"982","91517"
"983","91548"
"984","91556"
"985","91559"
"986","91566"
"987","91572"
"988","91581"
"989","91615"
"990","91616"
"991","91619"
"992","91620"
"993","91749"
"994","91756"
"995","91757"
"996","91776"
"997","91890"
"998","91936"
"999","91939"
"1000","91940"
"1001","91941"
"1002","91942"
"1003","91943"
"1004","91944"
"1005","91945"
"1006","91986"
"1007","91987"
"1008","91988"
"1009","91989"
"1010","91990"
"1011","91991"
"1012","92672"
"1013","92673"
"1014","93076"
"1015","93079"
"1016","93080"
"1017","93518"
"1018","94207"
"1019","94208"
"1020","94210"
"1021","94780"
"1022","94856"
"1023","94857"
"1024","94915"
"1025","95370"
"1026","95472"
"1027","95627"
"1028","95684"
"1029","95864"
"1030","95865"
"1031","95866"
"1032","95867"
"1033","96001"
"1034","96002"
"1035","96003"
"1036","96004"
"1037","96005"
"1038","96006"
"1039","96007"
"1040","96008"
"1041","96009"
"1042","96010"
"1043","96011"
"1044","96012"
"1045","96047"
"1046","96048"
"1047","96049"
"1048","97224"
"1049","97225"
"1050","97226"
"1051","97227"
"1052","97228"
"1053","97229"
"1054","97230"
"1055","97231"
"1056","97572"
"1057","97740"
"1058","97883"
"1059","97884"
"1060","97885"
"1061","97986"
"1062","98384"
"1063","98386"
"1064","98415"
"1065","98417"
"1066","98418"
"1067","98421"
"1068","98435"
"1069","98438"
"1070","98442"
"1071","98443"
"1072","98444"
"1073","98445"
"1074","98457"
"1075","98914"
"1076","98916"
"1077","99120"
"1078","99122"
"1079","99333"
"1080","99582"
"1081","99766"
"1082","99768"
"1083","99790"
"1084","99792"
"1085","99794"
"1086","99798"
"1087","99861"
"1088","99863"
"1089","99864"
"1090","99865"
"1091","99870"
"1092","99871"
"1093","99874"
"1094","100111"
"1095","100113"
"1096","100114"
"1097","100124"
"1098","100130"
"1099","100614"
"1100","100707"
"1101","100709"
"1102","100710"
"1103","100719"
"1104","100853"
"1105","100855"
"1106","100913"
"1107","100914"
"1108","100917"
"1109","100918"
"1110","101414"
"1111","101415"
"1112","101416"
"1113","101417"
"1114","102382"
"1115","102765"
"1116","102826"
"1117","102857"
"1118","102940"
"1119","102992"
"1120","103384"
"1121","103385"
"1122","103387"
"1123","104808"
"1124","106006"
"1125","106007"
"1126","106008"
"1127","106009"
"1128","106040"
"1129","106041"
"1130","106058"
"1131","107670"
"1132","107687"
"1133","107688"
"1134","107808"
"1135","107965"
"1136","107966"
"1137","107967"
"1138","107990"
"1139","107997"
"1140","107998"
"1141","107999"
"1142","108000"
"1143","108001"
"1144","108002"
"1145","108003"
"1146","108006"
"1147","108007"
"1148","108008"
"1149","108010"
"1150","108011"
"1151","108017"
"1152","108020"
"1153","108029"
"1154","108052"
"1155","108067"
"1156","108068"
"1157","108070"
"1158","108078"
"1159","108080"
"1160","108081"
"1161","108082"
"1162","108083"
"1163","108436"
"1164","108451"
"1165","108453"
"1166","109345"
"1167","109347"
"1168","109348"
"1169","109349"
"1170","109350"
"1171","109352"
"1172","109354"
"1173","109355"
"1174","109818"
"1175","110660"
"1176","111867"
"1177","111868"
"1178","112295"
"1179","113160"
"1180","113572"
"1181","113573"
"1182","114260"
"1183","114283"
"1184","114284"
"1185","114285"
"1186","114286"
"1187","114287"
"1188","114288"
"1189","115291"
"1190","116314"
"1191","116315"
"1192","116316"
"1193","116318"
"1194","116322"
"1195","116327"
"1196","116328"
"1197","116332"
"1198","116334"
"1199","116337"
"1200","116366"
"1201","116439"
"1202","116440"
"1203","116441"
"1204","116442"
"1205","116521"
"1206","116542"
"1207","116544"
"1208","116547"
"1209","116886"
"1210","117055"
"1211","117105"
"1212","117236"
"1213","117237"
"1214","117254"
"1215","117255"
"1216","117256"
"1217","117257"
"1218","117258"
"1219","117259"
"1220","117260"
"1221","117266"
"1222","117281"
"1223","117283"
"1224","117284"
"1225","117290"
"1226","117294"
"1227","117295"
"1228","117296"
"1229","117298"
"1230","117299"
"1231","117340"
"1232","117439"
"1233","117440"
"1234","117762"
"1235","117790"
"1236","117791"
"1237","118413"
"1238","118479"
"1239","118481"
"1240","118482"
"1241","118907"
"1242","118980"
"1243","118981"
"1244","118982"
"1245","118983"
"1246","118984"
"1247","118986"
"1248","119300"
"1249","119331"
"1250","119332"
"1251","119336"
"1252","119990"
"1253","119991"
"1254","120011"
"1255","120012"
"1256","120323"
"1257","120324"
"1258","120410"
"1259","120691"
"1260","120861"
"1261","120862"
"1262","120863"
"1263","120864"
"1264","120865"
"1265","120866"
"1266","120944"
"1267","121416"
"1268","122523"
"1269","122524"
"1270","122525"
"1271","122526"
"1272","123372"
"1273","123373"
"1274","123446"
"1275","123448"
"1276","123450"
"1277","123451"
"1278","123452"
"1279","124454"
"1280","124455"
"1281","124456"
"1282","124457"
"1283","124458"
"1284","124459"
"1285","124482"
"1286","124529"
"1287","125252"
"1288","125405"
"1289","125598"
"1290","126227"
"1291","126497"
"1292","126505"
"1293","126506"
"1294","126507"
"1295","126526"
"1296","126527"
"1297","126549"
"1298","126553"
"1299","126680"
"1300","126681"
"1301","126687"
"1302","126688"
"1303","126698"
"1304","126699"
"1305","126701"
"1306","126702"
"1307","126703"
"1308","126704"
"1309","126706"
"1310","126708"
"1311","126730"
"1312","126731"
"1313","126732"
"1314","126733"
"1315","126738"
"1316","126739"
"1317","126740"
"1318","126741"
"1319","126778"
"1320","126779"
"1321","127066"
"1322","127068"
"1323","127606"
"1324","127608"
"1325","127649"
"1326","127651"
"1327","127652"
"1328","127707"
"1329","127709"
"1330","127959"
"1331","127960"
"1332","128362"
"1333","128572"
"1334","128633"
"1335","128634"
"1336","128636"
"1337","128637"
"1338","129555"
"1339","129556"
"1340","129557"
"1341","129558"
"1342","129559"
"1343","129560"
"1344","129561"
"1345","129562"
"1346","129563"
"1347","129564"
"1348","129565"
"1349","129566"
"1350","129567"
"1351","129568"
"1352","129569"
"1353","129570"
"1354","129571"
"1355","129699"
"1356","130352"
"1357","130562"
"1358","130745"
"1359","130764"
"1360","131841"
"1361","131842"
"1362","131844"
"1363","132206"
"1364","132564"
"1365","132565"
"1366","132566"
"1367","132567"
"1368","132603"
"1369","132796"
"1370","132797"
"1371","132799"
"1372","132800"
"1373","132815"
"1374","132817"
"1375","132818"
"1376","132822"
"1377","132823"
"1378","133020"
"1379","133197"
"1380","133491"
"1381","134336"
"1382","134337"
"1383","134639"
"1384","134670"
"1385","134672"
"1386","134703"
"1387","134704"
"1388","134803"
"1389","134804"
"1390","134805"
"1391","134806"
"1392","134807"
"1393","134808"
"1394","134857"
"1395","134858"
"1396","135124"
"1397","135356"
"1398","136207"
"1399","136218"
"1400","136232"
"1401","136235"
"1402","136236"
"1403","136239"
"1404","136242"
"1405","136282"
"1406","136283"
"1407","136284"
"1408","136309"
"1409","136313"
"1410","136315"
"1411","136317"
"1412","136325"
"1413","136820"
"1414","138018"
"1415","138019"
"1416","138020"
"1417","138021"
"1418","138022"
"1419","138029"
"1420","138044"
"1421","138099"
"1422","138100"
"1423","138101"
"1424","138102"
"1425","138103"
"1426","138104"
"1427","138105"
"1428","138106"
"1429","138108"
"1430","138412"
"1431","138729"
"1432","138809"
"1433","138834"
"1434","138859"
"1435","138860"
"1436","138862"
"1437","138867"
"1438","138875"
"1439","138881"
"1440","138882"
"1441","138883"
"1442","138884"
"1443","138886"
"1444","139137"
"1445","139419"
"1446","139420"
"1447","139421"
"1448","139422"
"1449","139423"
"1450","139424"
"1451","139513"
"1452","139595"
"1453","139596"
"1454","139727"
"1455","139728"
"1456","140002"
"1457","140003"
"1458","140093"
"1459","140108"
"1460","140255"
"1461","140256"
"1462","140257"
"1463","140258"
"1464","140259"
"1465","140261"
"1466","140264"
"1467","140265"
"1468","140266"
"1469","140267"
"1470","140268"
"1471","141267"
"1472","141268"
"1473","141270"
"1474","141511"
"1475","141512"
"1476","141514"
"1477","141527"
"1478","141528"
"1479","141529"
"1480","141570"
"1481","141574"
"1482","141575"
"1483","141576"
"1484","141614"
"1485","141615"
"1486","141616"
"1487","141617"
"1488","141751"
"1489","142829"
"1490","144177"
"1491","144906"
"1492","145009"
"1493","145162"
"1494","145165"
"1495","145192"
"1496","145221"
"1497","145223"
"1498","145224"
"1499","145226"
"1500","145273"
"1501","145274"
"1502","145341"
"1503","145343"
"1504","145344"
"1505","145446"
"1506","145669"
"1507","145727"
"1508","146392"
"1509","147287"
"1510","147435"
"1511","147955"
"1512","148627"
"1513","148628"
"1514","148629"
"1515","148630"
"1516","148631"
"1517","148632"
"1518","148633"
"1519","148634"
"1520","148635"
"1521","148636"
"1522","148637"
"1523","148638"
"1524","148639"
"1525","148640"
"1526","148641"
"1527","148642"
"1528","148643"
"1529","148644"
"1530","148645"
"1531","148646"
"1532","148647"
"1533","148648"
"1534","148649"
"1535","148650"
"1536","148651"
"1537","148652"
"1538","148653"
"1539","148654"
"1540","148655"
"1541","148656"
"1542","148657"
"1543","148658"
"1544","148659"
"1545","148661"
"1546","148935"
"1547","148936"
"1548","148937"
"1549","148938"
"1550","148939"
"1551","148940"
"1552","148941"
"1553","148942"
"1554","148944"
"1555","148946"
"1556","148948"
"1557","148949"
"1558","149318"
"1559","149321"
"1560","149581"
"1561","149584"
"1562","149585"
"1563","149634"
"1564","149635"
"1565","149735"
"1566","149768"
"1567","149769"
"1568","149771"
"1569","149897"
"1570","149941"
"1571","149942"
"1572","149943"
"1573","149944"
"1574","149958"
"1575","149959"
"1576","150052"
"1577","150053"
"1578","150055"
"1579","150056"
"1580","150057"
"1581","150062"
"1582","150075"
"1583","150076"
"1584","150122"
"1585","150123"
"1586","150127"
"1587","150128"
"1588","150130"
"1589","150131"
"1590","150132"
"1591","150134"
"1592","150135"
"1593","150136"
"1594","150137"
"1595","150141"
"1596","150164"
"1597","150177"
"1598","150182"
"1599","150183"
"1600","150245"
"1601","150246"
"1602","150247"
"1603","150248"
"1604","150249"
"1605","150250"
"1606","150251"
"1607","150252"
"1608","150253"
"1609","150254"
"1610","150255"
"1611","150305"
"1612","150313"
"1613","150646"
"1614","151410"
"1615","151411"
"1616","151413"
"1617","151414"
"1618","151416"
"1619","151417"
"1620","151418"
"1621","151419"
"1622","151420"
"1623","151421"
"1624","151422"
"1625","151423"
"1626","151424"
"1627","151425"
"1628","151426"
"1629","151427"
"1630","151428"
"1631","151429"
"1632","151994"
"1633","152087"
"1634","152160"
"1635","152161"
"1636","152555"
"1637","152638"
"1638","152640"
"1639","152909"
"1640","152910"
"1641","152925"
"1642","153198"
"1643","153205"
"1644","153206"
"1645","153207"
"1646","153208"
"1647","153247"
"1648","153307"
"1649","153808"
"1650","154342"
"1651","154429"
"1652","155451"
"1653","155452"
"1654","155868"
"1655","155890"
"1656","156000"
"1657","156001"
"1658","156539"
"1659","156594"
"1660","156801"
"1661","157190"
"1662","157206"
"1663","157207"
"1664","157208"
"1665","157292"
"1666","157293"
"1667","157499"
"1668","157501"
"1669","158436"
"1670","158437"
"1671","158438"
"1672","158776"
"1673","158779"
"1674","158781"
"1675","160255"
"1676","160318"
"1677","160320"
"1678","160321"
"1679","160416"
"1680","160417"
"1681","160418"
"1682","160419"
"1683","160420"
"1684","160537"
"1685","160609"
"1686","160611"
"1687","160612"
"1688","160761"
"1689","160762"
"1690","160763"
"1691","160764"
"1692","161350"
"1693","161562"
"1694","161634"
"1695","162044"
"1696","162045"
"1697","162046"
"1698","162047"
"1699","162108"
"1700","162109"
"1701","162156"
"1702","162309"
"1703","162811"
"1704","163130"
"1705","163131"
"1706","163132"
"1707","164074"
"1708","164546"
"1709","164612"
"1710","164614"
"1711","164615"
"1712","164619"
"1713","164652"
"1714","164679"
"1715","165346"
"1716","165534"
"1717","166503"
"1718","166504"
"1719","166505"
"1720","166507"
"1721","166508"
"1722","166509"
"1723","166688"
"1724","166690"
"1725","166691"
"1726","167756"
"1727","168322"
"1728","168918"
"1729","169052"
"1730","169053"
"1731","169054"
"1732","169055"
"1733","169056"
"1734","169059"
"1735","169081"
"1736","169082"
"1737","169083"
"1738","169085"
"1739","169087"
"1740","169088"
"1741","169090"
"1742","169110"
"1743","169114"
"1744","169117"
"1745","169123"
"1746","169127"
"1747","169128"
"1748","169129"
"1749","169134"
"1750","169135"
"1751","169138"
"1752","169142"
"1753","169143"
"1754","169145"
"1755","169631"
"1756","169632"
"1757","169879"
"1758","171482"
"1759","171483"
"1760","172141"
"1761","172430"
"1762","172431"
"1763","172432"
"1764","172691"
"1765","172692"
"1766","172693"
"1767","173071"
"1768","173443"
"1769","173444"
"1770","173824"
"1771","173826"
"1772","174137"
"1773","174474"
"1774","174577"
"1775","175186"
"1776","175273"
"1777","175306"
"1778","175310"
"1779","175553"
"1780","175554"
"1781","175555"
"1782","175556"
"1783","175819"
"1784","176096"
"1785","176097"
"1786","176388"
"1787","176392"
"1788","176393"
"1789","176394"
"1790","176395"
"1791","176396"
"1792","176397"
"1793","176398"
"1794","176401"
"1795","176633"
"1796","176716"
"1797","176885"
"1798","177193"
"1799","177264"
"1800","177265"
"1801","177266"
"1802","177267"
"1803","177340"
"1804","177465"
"1805","177560"
"1806","177563"
"1807","177564"
"1808","177589"
"1809","177596"
"1810","177611"
"1811","178784"
"1812","179054"
"1813","179055"
"1814","179261"
"1815","179279"
"1816","179385"
"1817","179810"
"1818","179811"
"1819","180045"
"1820","180048"
"1821","180050"
"1822","180141"
"1823","181187"
"1824","181188"
"1825","181189"
"1826","181190"
"1827","181261"
"1828","181265"
"1829","181278"
"1830","181367"
"1831","181782"
"1832","181902"
"1833","181903"
"1834","181905"
"1835","181906"
"1836","181978"
"1837","181979"
"1838","181980"
"1839","181983"
"1840","181984"
"1841","181989"
"1842","181990"
"1843","181991"
"1844","182001"
"1845","182084"
"1846","182478"
"1847","183336"
"1848","183337"
"1849","183599"
"1850","183934"
"1851","183935"
"1852","183936"
"1853","184642"
"1854","185868"
"1855","185869"
"1856","185965"
"1857","186004"
"1858","186068"
"1859","186232"
"1860","186233"
"1861","186260"
"1862","187061"
"1863","189220"
"1864","189221"
"1865","189541"
"1866","190278"
"1867","190826"
"1868","190827"
"1869","190828"
"1870","190829"
"1871","190830"
"1872","190834"
"1873","190907"
"1874","190908"
"1875","190916"
"1876","190917"
"1877","190950"
"1878","191161"
"1879","191235"
"1880","191236"
"1881","191237"
"1882","191239"
"1883","191300"
"1884","191311"
"1885","191681"
"1886","192056"
"1887","192057"
"1888","192287"
"1889","192288"
"1890","192289"
"1891","192477"
"1892","193444"
"1893","193857"
"1894","193859"
"1895","193860"
"1896","193861"
"1897","193862"
"1898","193863"
"1899","193864"
"1900","193866"
"1901","193867"
"1902","193870"
"1903","193871"
"1904","193872"
"1905","193874"
"1906","194298"
"1907","194299"
"1908","194300"
"1909","194301"
"1910","194302"
"1911","194303"
"1912","194304"
"1913","194305"
"1914","194306"
"1915","194307"
"1916","194308"
"1917","194309"
"1918","194310"
"1919","194311"
"1920","195273"
"1921","195405"
"1922","195657"
"1923","195706"
"1924","195707"
"1925","196074"
"1926","196075"
"1927","196083"
"1928","196084"
"1929","196237"
"1930","196261"
"1931","196262"
"1932","196263"
"1933","196264"
"1934","196265"
"1935","196367"
"1936","196368"
"1937","196369"
"1938","196389"
"1939","196552"
"1940","196574"
"1941","196575"
"1942","196663"
"1943","196744"
"1944","196793"
"1945","196796"
"1946","196797"
"1947","197270"
"1948","197271"
"1949","197273"
"1950","197310"
"1951","197341"
"1952","198341"
"1953","198410"
"1954","198632"
"1955","198633"
"1956","198819"
"1957","198847"
"1958","198848"
"1959","199552"
"1960","199567"
"1961","199706"
"1962","199707"
"1963","199709"
"1964","199710"
"1965","199717"
"1966","199784"
"1967","199785"
"1968","200240"
"1969","200273"
"1970","200297"
"1971","201297"
"1972","201298"
"1973","201299"
"1974","201329"
"1975","201331"
"1976","201404"
"1977","201405"
"1978","201410"
"1979","201411"
"1980","201622"
"1981","201775"
"1982","201776"
"1983","201777"
"1984","201778"
"1985","201779"
"1986","201780"
"1987","201781"
"1988","201782"
"1989","201783"
"1990","201784"
"1991","201785"
"1992","203366"
"1993","203367"
"1994","203369"
"1995","203637"
"1996","203676"
"1997","203872"
"1998","203873"
"1999","204018"
"2000","204019"
"2001","204020"
"2002","204493"
"2003","204805"
"2004","204806"
"2005","204837"
"2006","204839"
"2007","204840"
"2008","204893"
"2009","204894"
"2010","204896"
"2011","204897"
"2012","204898"
"2013","205201"
"2014","205369"
"2015","205383"
"2016","205895"
"2017","205896"
"2018","206096"
"2019","206097"
"2020","206099"
"2021","206100"
"2022","206250"
"2023","206272"
"2024","206350"
"2025","206351"
"2026","206584"
"2027","206585"
"2028","207307"
"2029","207563"
"2030","207737"
"2031","207738"
"2032","207850"
"2033","207851"
"2034","208009"
"2035","208075"
"2036","208719"
"2037","208894"
"2038","208895"
"2039","208918"
"2040","208977"
"2041","208978"
"2042","208985"
"2043","208986"
"2044","209025"
"2045","209026"
"2046","209028"
"2047","209029"
"2048","209473"
"2049","209474"
"2050","209475"
"2051","209565"
"2052","209617"
"2053","209618"
"2054","209640"
"2055","209645"
"2056","209650"
"2057","209653"
"2058","209654"
"2059","209661"
"2060","209662"
"2061","209719"
"2062","209720"
"2063","209721"
"2064","209722"
"2065","209723"
"2066","209760"
"2067","209764"
"2068","209766"
"2069","209767"
"2070","209970"
"2071","210066"
"2072","211220"
"2073","211221"
"2074","211224"
"2075","211225"
"2076","211226"
"2077","211230"
"2078","211234"
"2079","211235"
"2080","211241"
"2081","211242"
"2082","211252"
"2083","211260"
"2084","211263"
"2085","211264"
"2086","211269"
"2087","211270"
"2088","211294"
"2089","211295"
"2090","211296"
"2091","211297"
"2092","211307"
"2093","211331"
"2094","211333"
"2095","211979"
"2096","211980"
"2097","212223"
"2098","212224"
"2099","212225"
"2100","212226"
"2101","212227"
"2102","212229"
"2103","212230"
"2104","212231"
"2105","212235"
"2106","212236"
"2107","212239"
"2108","212240"
"2109","212241"
"2110","212242"
"2111","212243"
"2112","212244"
"2113","212245"
"2114","212833"
"2115","213233"
"2116","213566"
"2117","214063"
"2118","214064"
"2119","214065"
"2120","214066"
"2121","214067"
"2122","214069"
"2123","214967"
"2124","214972"
"2125","214974"
"2126","215615"
"2127","215616"
"2128","215703"
"2129","215704"
"2130","215705"
"2131","215714"
"2132","215722"
"2133","215723"
"2134","215764"
"2135","215765"
"2136","215766"
"2137","215767"
"2138","215880"
"2139","215898"
"2140","215899"
"2141","215903"
"2142","216362"
"2143","216363"
"2144","216531"
"2145","217413"
"2146","217414"
"2147","217415"
"2148","217416"
"2149","217417"
"2150","217418"
"2151","217419"
"2152","217420"
"2153","217421"
"2154","217422"
"2155","217423"
"2156","217974"
"2157","218361"
"2158","218362"
"2159","218363"
"2160","218364"
"2161","218365"
"2162","218366"
"2163","218367"
"2164","219750"
"2165","219753"
"2166","220118"
"2167","220139"
"2168","220865"
"2169","221204"
"2170","221244"
"2171","221430"
"2172","221626"
"2173","221628"
"2174","221629"
"2175","222082"
"2176","222274"
"2177","222453"
"2178","222454"
"2179","222687"
"2180","222688"
"2181","222689"
"2182","222690"
"2183","222703"
"2184","222705"
"2185","222766"
"2186","222770"
"2187","222771"
"2188","222775"
"2189","222839"
"2190","223242"
"2191","223244"
"2192","223245"
"2193","223271"
"2194","223272"
"2195","223273"
"2196","223274"
"2197","223320"
"2198","223321"
"2199","223322"
"2200","223323"
"2201","223324"
"2202","223325"
"2203","223326"
"2204","223327"
"2205","223328"
"2206","223329"
"2207","223330"
"2208","223331"
"2209","223332"
"2210","223333"
"2211","223334"
"2212","223343"
"2213","223344"
"2214","223345"
"2215","223346"
"2216","223361"
"2217","223364"
"2218","223394"
"2219","223515"
"2220","223516"
"2221","224388"
"2222","224389"
"2223","224394"
"2224","224395"
"2225","224408"
"2226","224409"
"2227","224410"
"2228","224411"
"2229","224434"
"2230","224513"
"2231","224776"
"2232","224831"
"2233","224960"
"2234","224992"
"2235","225111"
"2236","225215"
"2237","225471"
"2238","225472"
"2239","225550"
"2240","225551"
"2241","226258"
"2242","226260"
"2243","226924"
"2244","226925"
"2245","226926"
"2246","226927"
"2247","226928"
"2248","226951"
"2249","226952"
"2250","226954"
"2251","226955"
"2252","226956"
"2253","226972"
"2254","226988"
"2255","226989"
"2256","227297"
"2257","227359"
"2258","227363"
"2259","227364"
"2260","227365"
"2261","227994"
"2262","228191"
"2263","228437"
"2264","228850"
"2265","228851"
"2266","229008"
"2267","229997"
"2268","229998"
"2269","229999"
"2270","230047"
"2271","230048"
"2272","230401"
"2273","230402"
"2274","230604"
"2275","230606"
"2276","230619"
"2277","230739"
"2278","230742"
"2279","231039"
"2280","232429"
"2281","232444"
"2282","232459"
"2283","233045"
"2284","233190"
"2285","233192"
"2286","233199"
"2287","233202"
"2288","233203"
"2289","233205"
"2290","233206"
"2291","233207"
"2292","233209"
"2293","233212"
"2294","233213"
"2295","234077"
"2296","234417"
"2297","234418"
"2298","234421"
"2299","234851"
"2300","234852"
"2301","234853"
"2302","234951"
"2303","235240"
"2304","235287"
"2305","235289"
"2306","235409"
"2307","235423"
"2308","235424"
"2309","235425"
"2310","235427"
"2311","235429"
"2312","235811"
"2313","236025"
"2314","236026"
"2315","236087"
"2316","236813"
"2317","236833"
"2318","236835"
"2319","236836"
"2320","237267"
"2321","237268"
"2322","238114"
"2323","238116"
"2324","238473"
"2325","238474"
"2326","238475"
"2327","238686"
"2328","238687"
"2329","238688"
"2330","238689"
"2331","238693"
"2332","238815"
"2333","238860"
"2334","238862"
"2335","238863"
"2336","238864"
"2337","238865"
"2338","238868"
"2339","238871"
"2340","238957"
"2341","238959"
"2342","239044"
"2343","239652"
"2344","239653"
"2345","239654"
"2346","239655"
"2347","240744"
"2348","241772"
"2349","241807"
"2350","241808"
"2351","241809"
"2352","242162"
"2353","243194"
"2354","243195"
"2355","243200"
"2356","244515"
"2357","244752"
"2358","244826"
"2359","244877"
"2360","244878"
"2361","244880"
"2362","244882"
"2363","244883"
"2364","244884"
"2365","244885"
"2366","244886"
"2367","244887"
"2368","245363"
"2369","245364"
"2370","245520"
"2371","246009"
"2372","246010"
"2373","246013"
"2374","246014"
"2375","246015"
"2376","246443"
"2377","246711"
"2378","246712"
"2379","246868"
"2380","246869"
"2381","247088"
"2382","247089"
"2383","247090"
"2384","247340"
"2385","247341"
"2386","247441"
"2387","247458"
"2388","248488"
"2389","248489"
"2390","248994"
"2391","250843"
"2392","250844"
"2393","250845"
"2394","250846"
"2395","250954"
"2396","250955"
"2397","250956"
"2398","250958"
"2399","251566"
"2400","251803"
"2401","251805"
"2402","251806"
"2403","251808"
"2404","251893"
"2405","251897"
"2406","251934"
"2407","251935"
"2408","251952"
"2409","251953"
"2410","252056"
"2411","252057"
"2412","252059"
"2413","252060"
"2414","252074"
"2415","252127"
"2416","252128"
"2417","252129"
"2418","252162"
"2419","252163"
"2420","252164"
"2421","252176"
"2422","252177"
"2423","252178"
"2424","252240"
"2425","252392"
"2426","252773"
"2427","252775"
"2428","252777"
"2429","253000"
"2430","253817"
"2431","253818"
"2432","253819"
"2433","253820"
"2434","253821"
"2435","253822"
"2436","253842"
"2437","253843"
"2438","253850"
"2439","253852"
"2440","253922"
"2441","253923"
"2442","253924"
"2443","253925"
"2444","253926"
"2445","253954"
"2446","254085"
"2447","255583"
"2448","256658"
"2449","258656"
"2450","258657"
"2451","258945"
"2452","259215"
"2453","259233"
"2454","259236"
"2455","259529"
"2456","259706"
"2457","259707"
"2458","259708"
"2459","259709"
"2460","259710"
"2461","259711"
"2462","259712"
"2463","259713"
"2464","259714"
"2465","259715"
"2466","259716"
"2467","259717"
"2468","259718"
"2469","259719"
"2470","259720"
"2471","259721"
"2472","259722"
"2473","259723"
"2474","259724"
"2475","259725"
"2476","259726"
"2477","259727"
"2478","259728"
"2479","259729"
"2480","259730"
"2481","259731"
"2482","259732"
"2483","259733"
"2484","259734"
"2485","261814"
"2486","261819"
"2487","261851"
"2488","261910"
"2489","261913"
"2490","262732"
"2491","263368"
"2492","263369"
"2493","263854"
"2494","263855"
"2495","264250"
"2496","265114"
"2497","265456"
"2498","265457"
"2499","265458"
"2500","265459"
"2501","265460"
"2502","265463"
"2503","265545"
"2504","265547"
"2505","265762"
"2506","265823"
"2507","265824"
"2508","265825"
"2509","265829"
"2510","265830"
"2511","265832"
"2512","265837"
"2513","265838"
"2514","265839"
"2515","265842"
"2516","266017"
"2517","266018"
"2518","266243"
"2519","266310"
"2520","266311"
"2521","266313"
"2522","266314"
"2523","266623"
"2524","266634"
"2525","266674"
"2526","266675"
"2527","267207"
"2528","267208"
"2529","267211"
"2530","267212"
"2531","267215"
"2532","267258"
"2533","267259"
"2534","267262"
"2535","267264"
"2536","267286"
"2537","267287"
"2538","267296"
"2539","267302"
"2540","270293"
"2541","270399"
"2542","270400"
"2543","270446"
"2544","270577"
"2545","270940"
"2546","271052"
"2547","271228"
"2548","271259"
"2549","271903"
"2550","272936"
"2551","272937"
"2552","272938"
"2553","272939"
"2554","273291"
"2555","273299"
"2556","273301"
"2557","273308"
"2558","273309"
"2559","273312"
"2560","273316"
"2561","273317"
"2562","273319"
"2563","273320"
"2564","273321"
"2565","273322"
"2566","273328"
"2567","273329"
"2568","273336"
"2569","273337"
"2570","273340"
"2571","273346"
"2572","273347"
"2573","273351"
"2574","273353"
"2575","273354"
"2576","273356"
"2577","273359"
"2578","273361"
"2579","273362"
"2580","273363"
"2581","275453"
"2582","275454"
"2583","275455"
"2584","276473"
"2585","276474"
"2586","276475"
"2587","276476"
"2588","277166"
"2589","277189"
"2590","277198"
"2591","277199"
"2592","277200"
"2593","278226"
"2594","278227"
"2595","278381"
"2596","278383"
"2597","278415"
"2598","278416"
"2599","278417"
"2600","278418"
"2601","278419"
"2602","278568"
"2603","279400"
"2604","280065"
"2605","280066"
"2606","280547"
"2607","280548"
"2608","280549"
"2609","280550"
"2610","280551"
"2611","280552"
"2612","280553"
"2613","280554"
"2614","280555"
"2615","280556"
"2616","280557"
"2617","280558"
"2618","280559"
"2619","280560"
"2620","280561"
"2621","280562"
"2622","280563"
"2623","280564"
"2624","280565"
"2625","280566"
"2626","280567"
"2627","281454"
"2628","281643"
"2629","281644"
"2630","282530"
"2631","282660"
"2632","282687"
"2633","282772"
"2634","282773"
"2635","282774"
"2636","282820"
"2637","282840"
"2638","282864"
"2639","282867"
"2640","282868"
"2641","282931"
"2642","283024"
"2643","283025"
"2644","283185"
"2645","283186"
"2646","283779"
"2647","284174"
"2648","284175"
"2649","284176"
"2650","284205"
"2651","284206"
"2652","284208"
"2653","284337"
"2654","284338"
"2655","284462"
"2656","284620"
"2657","285038"
"2658","285204"
"2659","285211"
"2660","285212"
"2661","285300"
"2662","285328"
"2663","286299"
"2664","286302"
"2665","286910"
"2666","287224"
"2667","287225"
"2668","287226"
"2669","287227"
"2670","287228"
"2671","287290"
"2672","287681"
"2673","287683"
"2674","287684"
"2675","287685"
"2676","287881"
"2677","287885"
"2678","287941"
"2679","288675"
"2680","288676"
"2681","288677"
"2682","289028"
"2683","289029"
"2684","289030"
"2685","289033"
"2686","289034"
"2687","289074"
"2688","289350"
"2689","289519"
"2690","289520"
"2691","290698"
"2692","290788"
"2693","292511"
"2694","293746"
"2695","293863"
"2696","293864"
"2697","293891"
"2698","294061"
"2699","294067"
"2700","294070"
"2701","294071"
"2702","294072"
"2703","294073"
"2704","294076"
"2705","294077"
"2706","294078"
"2707","294081"
"2708","294085"
"2709","294086"
"2710","294095"
"2711","294096"
"2712","294108"
"2713","294113"
"2714","294114"
"2715","294442"
"2716","294517"
"2717","294538"
"2718","294539"
"2719","294708"
"2720","295574"
"2721","295576"
"2722","295895"
"2723","297215"
"2724","297222"
"2725","297372"
"2726","297376"
"2727","297415"
"2728","297417"
"2729","297418"
"2730","297776"
"2731","297935"
"2732","298154"
"2733","298155"
"2734","298156"
"2735","298158"
"2736","298563"
"2737","299359"
"2738","299360"
"2739","299388"
"2740","299389"
"2741","299390"
"2742","299391"
"2743","299392"
"2744","299393"
"2745","299540"
"2746","299645"
"2747","300553"
"2748","300554"
"2749","300555"
"2750","300612"
"2751","301895"
"2752","301897"
"2753","302229"
"2754","302314"
"2755","302663"
"2756","302666"
"2757","302667"
"2758","302669"
"2759","302670"
"2760","303327"
"2761","303433"
"2762","303434"
"2763","303522"
"2764","303523"
"2765","303976"
"2766","303977"
"2767","303978"
"2768","303979"
"2769","303980"
"2770","303981"
"2771","303982"
"2772","304105"
"2773","304106"
"2774","304107"
"2775","304108"
"2776","304181"
"2777","304270"
"2778","304573"
"2779","305027"
"2780","305477"
"2781","305478"
"2782","305480"
"2783","305481"
"2784","305512"
"2785","305513"
"2786","305515"
"2787","306047"
"2788","306073"
"2789","306074"
"2790","306233"
"2791","306320"
"2792","306360"
"2793","306804"
"2794","306806"
"2795","306810"
"2796","306811"
"2797","306812"
"2798","307017"
"2799","307351"
"2800","307352"
"2801","307485"
"2802","307694"
"2803","307695"
"2804","307696"
"2805","307771"
"2806","307772"
"2807","307773"
"2808","307774"
"2809","307775"
"2810","307776"
"2811","307777"
"2812","307778"
"2813","307779"
"2814","307780"
"2815","307781"
"2816","307782"
"2817","307783"
"2818","307784"
"2819","307785"
"2820","307786"
"2821","307787"
"2822","307788"
"2823","307789"
"2824","307790"
"2825","307791"
"2826","307792"
"2827","307793"
"2828","307794"
"2829","307795"
"2830","307796"
"2831","307797"
"2832","307798"
"2833","307799"
"2834","307800"
"2835","307801"
"2836","307802"
"2837","307803"
"2838","307804"
"2839","308562"
"2840","308563"
"2841","309148"
"2842","309149"
"2843","310406"
"2844","310488"
"2845","310489"
"2846","313036"
"2847","313037"
"2848","313038"
"2849","313039"
"2850","313040"
"2851","313042"
"2852","313043"
"2853","313044"
"2854","313045"
"2855","313046"
"2856","313047"
"2857","313048"
"2858","313052"
"2859","313053"
"2860","313054"
"2861","313472"
"2862","313844"
"2863","314257"
"2864","314307"
"2865","314308"
"2866","314487"
"2867","314488"
"2868","314983"
"2869","315205"
"2870","315244"
"2871","315318"
"2872","315337"
"2873","315357"
"2874","315506"
"2875","315643"
"2876","316169"
"2877","316170"
"2878","316171"
"2879","316172"
"2880","316173"
"2881","316174"
"2882","316175"
"2883","316176"
"2884","316231"
"2885","317050"
"2886","317169"
"2887","317175"
"2888","317177"
"2889","317222"
"2890","317896"
"2891","318352"
"2892","318414"
"2893","318415"
"2894","319841"
"2895","320088"
"2896","320160"
"2897","320161"
"2898","320168"
"2899","320585"
"2900","320630"
"2901","320631"
"2902","321068"
"2903","321288"
"2904","321289"
"2905","321290"
"2906","321291"
"2907","321346"
"2908","321349"
"2909","321583"
"2910","321747"
"2911","321796"
"2912","321823"
"2913","321824"
"2914","321875"
"2915","321928"
"2916","321956"
"2917","322035"
"2918","322036"
"2919","322142"
"2920","322143"
"2921","322144"
"2922","322626"
"2923","323096"
"2924","323097"
"2925","323100"
"2926","323101"
"2927","323136"
"2928","325362"
"2929","326376"
"2930","326377"
"2931","326378"
"2932","326379"
"2933","326606"
"2934","326607"
"2935","326670"
"2936","326848"
"2937","326850"
"2938","326851"
"2939","327249"
"2940","328030"
"2941","328033"
"2942","329367"
"2943","329368"
"2944","329372"
"2945","329895"
"2946","331277"
"2947","331296"
"2948","331887"
"2949","331888"
"2950","331889"
"2951","331890"
"2952","331909"
"2953","331910"
"2954","331911"
"2955","331912"
"2956","331917"
"2957","331920"
"2958","332531"
"2959","332532"
"2960","332533"
"2961","333342"
"2962","334103"
"2963","336220"
"2964","336399"
"2965","336441"
"2966","336445"
"2967","336562"
"2968","336563"
"2969","336564"
"2970","336565"
"2971","336566"
"2972","336567"
"2973","336568"
"2974","336569"
"2975","336570"
"2976","336571"
"2977","336572"
"2978","336573"
"2979","336574"
"2980","336575"
"2981","336576"
"2982","336577"
"2983","336578"
"2984","336579"
"2985","336580"
"2986","336581"
"2987","336582"
"2988","336583"
"2989","336584"
"2990","336585"
"2991","336586"
"2992","336587"
"2993","336588"
"2994","336589"
"2995","336590"
"2996","337701"
"2997","337704"
"2998","337705"
"2999","337711"
"3000","337731"
"3001","337733"
"3002","337736"
"3003","338075"
"3004","338077"
"3005","338083"
"3006","338197"
"3007","338199"
"3008","340283"
"3009","340520"
"3010","340525"
"3011","340954"
"3012","340955"
"3013","340956"
"3014","340957"
"3015","341290"
"3016","341633"
"3017","341651"
"3018","341652"
"3019","341653"
"3020","341716"
"3021","341717"
"3022","343534"
"3023","343936"
"3024","344016"
"3025","344152"
"3026","344153"
"3027","344695"
"3028","344696"
"3029","344867"
"3030","345381"
"3031","345434"
"3032","345577"
"3033","345898"
"3034","346795"
"3035","348684"
"3036","348742"
"3037","349130"
"3038","349171"
"3039","349601"
"3040","349603"
"3041","350322"
"3042","350323"
"3043","350324"
"3044","350325"
"3045","350326"
"3046","350327"
"3047","350328"
"3048","350329"
"3049","350383"
"3050","350399"
"3051","350400"
"3052","350401"
"3053","350515"
"3054","350516"
"3055","351310"
"3056","351548"
"3057","352513"
"3058","352514"
"3059","352522"
"3060","352524"
"3061","352528"
"3062","352529"
"3063","352530"
"3064","352532"
"3065","352533"
"3066","352534"
"3067","352535"
"3068","352536"
"3069","352540"
"3070","352544"
"3071","352547"
"3072","352770"
"3073","352878"
"3074","352892"
"3075","353201"
"3076","353204"
"3077","354130"
"3078","354131"
"3079","354133"
"3080","354134"
"3081","354278"
"3082","357422"
"3083","357423"
"3084","357568"
"3085","357569"
"3086","357573"
"3087","358000"
"3088","358001"
"3089","358246"
"3090","358248"
"3091","358258"
"3092","358259"
"3093","358260"
"3094","358267"
"3095","358276"
"3096","358279"
"3097","359577"
"3098","360019"
"3099","361634"
"3100","361635"
"3101","362730"
"3102","362748"
"3103","362783"
"3104","363048"
"3105","363387"
"3106","363462"
"3107","364355"
"3108","364563"
"3109","364564"
"3110","364565"
"3111","364945"
"3112","364947"
"3113","364949"
"3114","365587"
"3115","365929"
"3116","365930"
"3117","365931"
"3118","366010"
"3119","366597"
"3120","366598"
"3121","367351"
"3122","367356"
"3123","367419"
"3124","367569"
"3125","367741"
"3126","367923"
"3127","368077"
"3128","368078"
"3129","368338"
"3130","368699"
"3131","369092"
"3132","369094"
"3133","369964"
"3134","370475"
"3135","370968"
"3136","370969"
"3137","370970"
"3138","370971"
"3139","371571"
"3140","371925"
"3141","372210"
"3142","372211"
"3143","372242"
"3144","373249"
"3145","373540"
"3146","373896"
"3147","373897"
"3148","373898"
"3149","376548"
"3150","377370"
"3151","378316"
"3152","379051"
"3153","380574"
"3154","381154"
"3155","381159"
"3156","381874"
"3157","381884"
"3158","381899"
"3159","382206"
"3160","382255"
"3161","382423"
"3162","382850"
"3163","382851"
"3164","383090"
"3165","383232"
"3166","383233"
"3167","383236"
"3168","383239"
"3169","383745"
"3170","383975"
"3171","384046"
"3172","384729"
"3173","384730"
"3174","384824"
"3175","384935"
"3176","385188"
"3177","385386"
"3178","385388"
"3179","385389"
"3180","385390"
"3181","385391"
"3182","386908"
"3183","386909"
"3184","387784"
"3185","389081"
"3186","389168"
"3187","390327"
"3188","392050"
"3189","392647"
"3190","393415"
"3191","393416"
"3192","393417"
"3193","393418"
"3194","393420"
"3195","393605"
"3196","393606"
"3197","393609"
"3198","393610"
"3199","394367"
"3200","394368"
"3201","394616"
"3202","394617"
"3203","395347"
"3204","395488"
"3205","395489"
"3206","395562"
"3207","395788"
"3208","395913"
"3209","396435"
"3210","397686"
"3211","397687"
"3212","397688"
"3213","397689"
"3214","397693"
"3215","397694"
"3216","397695"
"3217","397696"
"3218","398506"
"3219","399323"
"3220","399904"
"3221","401326"
"3222","401327"
"3223","401328"
"3224","402138"
"3225","402140"
"3226","404942"
"3227","405074"
"3228","405075"
"3229","405076"
"3230","405463"
"3231","405464"
"3232","405465"
"3233","405466"
"3234","405467"
"3235","405468"
"3236","405537"
"3237","405538"
"3238","405539"
"3239","405540"
"3240","406155"
"3241","406157"
"3242","406945"
"3243","407059"
"3244","407330"
"3245","407331"
"3246","407332"
"3247","408074"
"3248","408186"
